Workbook

Sheet Datasets
A1: Dataset 1 | B1: Dataset 2 | C1: Dataset 3
A2: 10 | B2: 5 | C2: 8
A3: 15 | B3: 10 | C3: 12
A4: 20 | B4: 15 | C4: 18
A5: 25 | B5: 20 | C5: 20
A6: 30 | B6: 25 | C6: 25
B7: 30 | C7: 30

Sheet Summary
A1: Measure | B1: Dataset 1 | C1: Dataset 2 | D1: Dataset 3
A2: Count | B2: =COUNT(Datasets!A2:A7) | C2: =COUNT(Datasets!B2:B7) | D2: =COUNT(Datasets!C2:C7)
A3: Mean | B3: =AVERAGE(Datasets!A2:A7) | C3: =AVERAGE(Datasets!B2:B7) | D3: =AVERAGE(Datasets!C2:C7)
A4: Median | B4: =MEDIAN(Datasets!A2:A7) | C4: =MEDIAN(Datasets!B2:B7) | D4: =MEDIAN(Datasets!C2:C7)
A5: Mode | B5: =IFERROR(MODE.SNGL(Datasets!A2:A7),"No mode") | C5: =IFERROR(MODE.SNGL(Datasets!B2:B7),"No mode") | D5: =IFERROR(MODE.SNGL(Datasets!C2:C7),"No mode")
A6: Minimum | B6: =MIN(Datasets!A2:A7) | C6: =MIN(Datasets!B2:B7) | D6: =MIN(Datasets!C2:C7)
A7: Maximum | B7: =MAX(Datasets!A2:A7) | C7: =MAX(Datasets!B2:B7) | D7: =MAX(Datasets!C2:C7)
A8: Range | B8: =MAX(Datasets!A2:A7)-MIN(Datasets!A2:A7) | C8: =MAX(Datasets!B2:B7)-MIN(Datasets!B2:B7) | D8: =MAX(Datasets!C2:C7)-MIN(Datasets!C2:C7)
A9: Standard deviation (sample) | B9: =STDEV.S(Datasets!A2:A7) | C9: =STDEV.S(Datasets!B2:B7) | D9: =STDEV.S(Datasets!C2:C7)
A10: Standard deviation (population) | B10: =STDEV.P(Datasets!A2:A7) | C10: =STDEV.P(Datasets!B2:B7) | D10: =STDEV.P(Datasets!C2:C7)
A12: Interpretation prompts
A13: Highest mean | B13: =INDEX(B$1:D$1,MATCH(MAX(B3:D3),B3:D3,0))
A14: Highest variability (sample SD) | B14: =INDEX(B$1:D$1,MATCH(MAX(B9:D9),B9:D9,0))
A15: Exam reminder | B15: Do not stop at the numbers. Explain what the differences mean in context.

Sheet Scenario_Notes
A1: Measure | B1: What it shows | C1: How to explain it in an exam
A2: Mean | B2: The overall average level | C2: Use it to compare general performance across datasets.
A3: Median | B3: The middle or typical value | C3: Useful when outliers may distort the mean.
A4: Mode | B4: The most frequent value | C4: If no value repeats, state clearly that there is no mode.
A5: Range | B5: The gap between the lowest and highest value | C5: Use it to show the broad spread of the data.
A6: Standard deviation | B6: How tightly or loosely values are spread around the mean | C6: Use it to discuss consistency or variability.
A7: Business scenario example | B7: Customer response times across three support teams | C7: A team may have a good mean but still be unreliable if the standard deviation is high.

Sheet Instructions
A1: Descriptive Statistics Practice Template
A3: Purpose | B3: Use this workbook to practise descriptive statistics with multiple datasets.
A4: How to use it | B4: 1. Replace the sample values in Datasets. 2. Review the formulas in Summary. 3. Use Scenario_Notes to help explain the results in an exam answer.
A5: Important note | B5: The Summary sheet uses STDEV.S by default. If your lecturer treats the list as the full population, change the formula to STDEV.P.
A6: Recommended exam flow | B6: Show the calculation or formula, present the results in a comparison table, then explain what the numbers mean in a realistic scenario.
